email,username,password,tbStatus,stateId
sebjehbuz@omsiah.io,lurati,1234,active,1
guctojti@fej.gov,jorgel,1234,active,2
ulnitnut@kideped.edu,martin,1236,active,1
honij@tukef.com,harriett,1237,active,1
vuti@kalziva.com,theresa,1238,active,1
jobovmur@esieg.io,christina,1239,active,1
pare@zo.edu,shawno,1240,active,1
curmerse@iju.com,harriet,1241,active,1
fielowok@jakkuvje.org,lularo,1242,active,1
pusputgip@huwsettah.org,roseti,1243,active,1
pufrib@ihu.com,dustin,1244,active,1
alilapek@vilvada.com,dorothy,1245,active,1
guh@uze.io,marvin,1246,active,1
mowided@wo.io,maurice,1247,active,1
kej@ago.net,austin,1248,active,1
puotfor@luhivow.co.uk,lucaso,1249,active,1
hutmazo@huz.org,coreyo,1250,active,1
eto@datodu.org,sarala,1251,active,1
jergugop@dumek.com,esther,1252,active,1
gas@ewhetpa.edu,belles,1253,active,1
sicke@kuka.co.uk,adeline,1254,active,1
teseve@ej.org,adelaide,1255,active,1
fiuje@fowale.co.uk,jacoab,1256,active,1
nopapi@zacoz.com,leolin,1257,active,1
kisna@veb.net,elmero,1258,active,1
ad@fuc.io,russell,1259,active,1
dita@roc.gov,douglas,1260,active,1
ucpa@puhiir.org,gregory,1261,active,1
ahe@fed.net,royray,1262,active,1
ji@ka.edu,akeith,1263,active,1
lah@perafge.edu,carolyn,1264,active,1
wezopoed@ku.com,nettie,1265,active,1
fu@honvatid.co.uk,lloyda,1266,active,1
wa@guwnacigu.io,lijohn,1267,active,1
fusconne@dofjil.com,mollie,1268,active,1
waw@tevocer.com,huldam,1269,active,1
fedhed@matjegnuc.net,daledale,1270,active,1
jarav@lo.edu,kevino,1271,active,1
