username,tbSource,tbStatus
sebjehbuz@omsiah.io,local,active
guctojti@fej.gov,local,active
ulnitnut@kideped.edu,local,active
honij@tukef.com,local,active
vuti@kalziva.com,local,active
jobovmur@esieg.io,local,active
pare@zo.edu,local,active
curmerse@iju.com,local,active
fielowok@jakkuvje.org,local,active
pusputgip@huwsettah.org,local,active
pufrib@ihu.com,local,active
gregory,facebook,active
royray,facebook,active
akeith,facebook,active
carolyn,facebook,active
nettie,facebook,active
lloyda,facebook,active
lijohn,facebook,active
mollie,facebook,active
huldam,facebook,active
daledale,facebook,active
kevino,facebook,active
